Date,Open,High,Low,Close,Adj Close,Volume
10-10-2018,61521,64300,61521,63979.60156,63528.64844,6132
11-10-2018,62990,64269.64844,61709.05078,63427.5,62980.43359,6805
12-10-2018,63620,64959.94922,63620,63978.35156,63527.40625,11121
15-10-2018,63625.19922,64579.85156,62000,62600.60156,62159.36719,12243
16-10-2018,62991.85156,63980,62862.14844,63212.94922,62767.38672,6090
17-10-2018,63750,64263.75,61900,62101.85156,61664.12891,6380
19-10-2018,61965,62690,60900,61967.85156,61531.06641,7567
22-10-2018,62749.94922,62749.94922,61999,62206.94922,61768.48828,4196
23-10-2018,61600,62177,61301,61723.64844,61288.58984,5082
24-10-2018,62440,62700,61805.14844,62350,61910.51953,3986
25-10-2018,62000,62480,60800,61362.5,60929.98438,7477
26-10-2018,61300,63421.5,60666,63056.14844,62611.70703,10200
29-10-2018,63200,64350,62525,63932.25,63481.625,5004
30-10-2018,63402.19922,64900,63402.19922,64309.14844,63855.85938,6896
31-10-2018,64342,64900,63684,64498.55078,64043.93359,4183
01-11-2018,64498.55078,65350,64498.05078,64742.05078,64285.72266,4418
02-11-2018,65050,66676.54688,65012.39844,66480.79688,66012.21094,6742
05-11-2018,66700,66800,65910,66153.79688,65687.50781,3810
06-11-2018,66200,66607.39844,64900,65160.69922,64701.41016,4248
07-11-2018,65670,65933.14844,65177,65564.95313,65102.82031,1058
09-11-2018,65050.10156,66502,64513.14844,66345.10156,65877.46875,10673
12-11-2018,66345,66985.04688,65060.5,65203.14844,64743.56641,4542
13-11-2018,65203.14844,66190,64802.05078,65822.14844,65358.21094,4985
14-11-2018,66100,66740,65240,65545.95313,65083.94922,8200
15-11-2018,65999,66333,65200,65784.85156,65321.17969,7974
16-11-2018,65900,66800,65588.45313,65754.95313,65291.47266,5438
19-11-2018,65770,66400,65501,66190.29688,65726.75781,3936
20-11-2018,66200,66330,65713.20313,66024.45313,65562.07813,3325
21-11-2018,66251,67568,66110,67324.20313,66852.71875,8262
22-11-2018,67400,68169.95313,67202,67607.39844,67133.94531,6407
26-11-2018,68000,68710,67607.45313,68198.75,67721.13281,10287
27-11-2018,67866.20313,68680,67400.04688,68575.25,68095,6030
28-11-2018,68501,69340,68360.75,68792.25,68310.47656,6588
29-11-2018,69002,69150,68011,68289.89844,67811.64844,7575
30-11-2018,68400,68678.54688,67150.89844,67332.04688,66860.5,5175
03-12-2018,67500,67949,66608,66692.85156,66225.77344,5041
04-12-2018,66800,67137.70313,65931.95313,66128.75,65665.625,2992
05-12-2018,66000,66196.64844,65136,65284,64826.79688,3690
06-12-2018,65299,65312.05078,64445.05078,64764.80078,64311.23438,2960
07-12-2018,65269,65700,64864.05078,65574.85156,65115.61719,3550
10-12-2018,64100.05078,64895.44922,64100.05078,64364.60156,63913.84766,3289
11-12-2018,63666,66500,63666,66171.70313,65708.28906,7236
12-12-2018,66272,68490,66222,68146.54688,67669.30469,6981
13-12-2018,68280,68899,67102.70313,67463.54688,66991.08594,5719
14-12-2018,67299,67500,66050,66335.04688,65870.48438,5721
17-12-2018,66415,67200,66222,66375.14844,65910.29688,3561
18-12-2018,66477,67998.95313,66100.04688,67561.5,67088.35938,4752
19-12-2018,68000,69500,67749.39844,69326.95313,68841.44531,10484
20-12-2018,68750,69900,68750,69049.70313,68566.14063,10183
21-12-2018,69049.70313,69561,66700,67003.85156,66534.59375,9352
24-12-2018,67003.95313,67347,65897,66117.64844,65654.60156,5788
26-12-2018,66200,67503,65105.25,67319.64844,66848.19531,9920
27-12-2018,67398.89844,67699,66526,66686.35156,66219.32813,8775
28-12-2018,67279,67475,66980,67036.95313,66567.47656,4257
31-12-2018,67550,67550,66812.39844,66984.70313,66515.59375,5943
01-01-2019,67299,67299,66500.35156,66801.20313,66333.375,4193
02-01-2019,66500,67100,66150.70313,66635.5,66168.84375,7531
03-01-2019,66750,67400,66458.70313,66818.25,66350.30469,4603
04-01-2019,66999.70313,67349.89844,66201.04688,66603.14844,66136.71094,4278
07-01-2019,67100,67345.89844,66666.14844,66978.54688,66509.48438,6823
08-01-2019,66700,66976,66226,66439.89844,65974.61719,2284
09-01-2019,66501,66999,65820.45313,66070.35156,65607.63281,4369
10-01-2019,66249,67094.95313,65909,66700.70313,66233.58594,4018
11-01-2019,66898.89844,67000,66300,66937.25,66468.46094,2580
14-01-2019,66600,66996.95313,65955.89844,66653.04688,66186.26563,5052
15-01-2019,66650,66989.95313,66077,66195.60156,65732.03906,3863
16-01-2019,66220,66485.70313,65900,65991.20313,65529.05469,3514
17-01-2019,66291,66291,65600,65802.79688,65341.96094,3530
18-01-2019,66005,66098.20313,65650,65739.79688,65279.40234,1613
21-01-2019,65739.79688,66298.95313,65501,66126.10156,65663.00781,8009
22-01-2019,65900,66166.85156,65100,65259.60156,64802.57031,4697
23-01-2019,65378,66289.95313,65300,66072.04688,65609.3125,3086
24-01-2019,66000,66188.39844,64500,64902.75,64448.21875,4134
25-01-2019,65300,65533.30078,63700,63920.94922,63473.28906,3105
28-01-2019,63875,63875,62450,62559.94922,62121.82031,4488
29-01-2019,62830,62830,61500,61868.14844,61434.875,8712
30-01-2019,62384,62384,61150,61329.39844,60899.89453,6589
31-01-2019,61500,61767.60156,60540.14844,61289.19922,60859.98047,7598
01-02-2019,61489.19922,62699.89844,61012.10156,61275.69922,60846.56641,7551
04-02-2019,61944,61944,59800,59906.55078,59487.01172,7858
05-02-2019,60299,60400,59500,60004.30078,59584.07813,6603
06-02-2019,60300,60300,59550,59936,59516.25,5305
07-02-2019,60035,60800,58960.05078,59410.55078,58994.48828,22636
08-02-2019,59188.94922,59188.94922,56300,56451.35156,56056.01563,24277
11-02-2019,56450,56900,54725,55345.60156,54958.01172,14323
12-02-2019,55750,56178,54900,55355.39844,54967.73438,10994
14-02-2019,55600,56600,55315,56302.19922,55907.89844,8943
15-02-2019,56302,56408.30078,55000,55136.85156,54753.63281,12188
18-02-2019,55248,55499,54254.19922,54460.14844,54081.63281,5980
19-02-2019,54480.14844,55403.94922,53858.35156,54227.89844,53851,10536
20-02-2019,54529.89844,54970,54125,54793.19922,54412.37109,6031
21-02-2019,54829,55250,54505,54710.64844,54330.39453,3891
22-02-2019,54720,55150,54553.5,54960.80078,54578.80859,4411
25-02-2019,55468,55468,54855,55340.14844,54955.52344,4311
26-02-2019,55140.14844,56387.10156,54400,55952.89844,55564.01172,5776
27-02-2019,56400,57266,56152.89844,56862.75,56467.53906,11007
28-02-2019,57390,57400,56572,56839.55078,56444.50391,12341
01-03-2019,56907,57400,56907,57129.10156,56732.03516,4094
05-03-2019,57397,58000,57218.5,57663.25,57262.48047,8410
06-03-2019,58040,58790,57555,58566.39844,58159.33984,7261
07-03-2019,58570,58594.85156,57645.10156,57839.75,57437.75,4062
08-03-2019,58000,58000,56830,57026.60156,56630.25,6779
11-03-2019,57040,57980.14844,57040,57708.30078,57307.20703,5144
12-03-2019,58100,58253.64844,56801,57171,56773.64453,13277
13-03-2019,57800,58000,57200,57414.60156,57015.55078,8933
14-03-2019,57990,57990,57001,57161.44922,56764.15625,10389
15-03-2019,57200,58000,56911,57609.5,57209.09375,8692
18-03-2019,57998,57998,57244,57433.75,57034.57031,5722
19-03-2019,57688.94922,57688.94922,57020,57444.25,57045,2978
20-03-2019,57400,57400,56800,56976.60156,56580.60156,4821
22-03-2019,57000,57299,56175.55078,56547.75,56154.72656,5278
25-03-2019,56310,56320,55895.14844,56006.25,55616.98828,3193
26-03-2019,56399,56399,56050,56180.14844,55789.67969,5182
27-03-2019,56350,56885,56200,56585.14844,56191.86328,7145
28-03-2019,56740,56849.89844,56100.05078,56296.94922,55905.66406,5142
01-04-2019,58150,60689.94922,58000,60163.85156,59745.69531,15675
02-04-2019,60250,61684,60200,60390.10156,59970.37109,13292
03-04-2019,60480,60830,59600,60040.19922,59622.90625,7111
04-04-2019,60262,60498.89844,59750.05078,60003.14844,59586.10547,6488
05-04-2019,60003.14844,60400,59901.35156,60259.19922,59840.37891,4012
08-04-2019,60554,60554,58573.05078,58921.30078,58511.78516,4676
09-04-2019,59199,59350,57500,57641.19922,57240.57422,8355
10-04-2019,57800,58450,57300,57491.75,57092.16406,7299
11-04-2019,57600,57991,57304.05078,57468.89844,57069.47266,3874
12-04-2019,57500,58599,57500,58515.75,58109.04688,4869
15-04-2019,59000,59044.75,58028.19922,58147.89844,57743.75781,4502
16-04-2019,58269,58540,57950.10156,58056.10156,57652.59766,3320
18-04-2019,58203,58400.10156,57526.10156,57812.19922,57410.38672,4303
22-04-2019,57650,57747.10156,56384.39844,56595.14844,56201.80078,3745
23-04-2019,57085,57085,56400,56564.44922,56171.30859,3363
24-04-2019,56600,56800,55555,55642.39844,55255.66406,5419
25-04-2019,56049,56192.94922,55300,55420.89844,55035.70313,5110
26-04-2019,55750,55839.75,54250,54410.05078,54031.88281,11658
30-04-2019,54410.05078,54589.75,52500,52905,52537.29688,9371
02-05-2019,52605,53690,51586.30078,52424.85156,52060.48438,26249
03-05-2019,52500,53400,52500,53110.89844,52741.76953,12837
06-05-2019,53110.89844,53990,52706,53817.85156,53443.79688,11787
07-05-2019,54000,54650,52666.30078,52944.64844,52576.66797,5985
08-05-2019,53049,54500,53000,54117.75,53741.61719,12180
09-05-2019,54400,54679.94922,54000,54431.19922,54052.88672,7410
10-05-2019,54600,54798.94922,53751.60156,53947.35156,53572.39844,5090
13-05-2019,53997,53997.89844,52927.89844,53071.75,52702.89063,2913
14-05-2019,53140,53499,52850,53289.85156,52919.47266,3264
15-05-2019,53590,53799,53200.05078,53559.30078,53187.05078,7314
16-05-2019,53849,53970,53100,53692.39844,53319.22266,5128
17-05-2019,53749.89844,54750,53401.64844,54369.69922,53991.81641,5326
20-05-2019,54889.69922,55149.94922,54232,54761.30078,54380.69531,9203
21-05-2019,55000,55150,54415,54772.10156,54391.41797,5597
22-05-2019,54999,55250,54500.05078,55123.85156,54740.73047,4630
23-05-2019,55523,56098.19922,54500,54818.30078,54437.30078,9450
24-05-2019,55200,57464.80078,55000,57009.30078,56613.0625,8395
27-05-2019,57300,57928.05078,56677.5,56862.64844,56467.4375,6040
28-05-2019,57148.94922,57250,56255.05078,56416.69922,56024.58594,4862
29-05-2019,56600,56890,55701,55916.69922,55528.05859,4761
30-05-2019,56250,56250,55025,55185.25,54801.6875,4519
31-05-2019,55299.10156,55676.69922,54525,55265.10156,54880.99219,6656
03-06-2019,55403.25,56431.94922,55390,56002.44922,55613.21094,6624
04-06-2019,56026,57600,56025,57382.44922,56983.625,11498
06-06-2019,57599.94922,57741.05078,55510.60156,55805.80078,55417.9375,7419
07-06-2019,55950,56441.30078,55112,55597.5,55211.08203,6447
10-06-2019,55949,56000,55100,55594.55078,55208.14844,4118
11-06-2019,55800,56299.89844,55501,56197.05078,55806.46484,3948
12-06-2019,56270,56270,55417.30078,55709.5,55322.30859,4485
13-06-2019,55999,55999,54251,54770.94922,54390.27344,6714
14-06-2019,54651,55144,54383.80078,54704.75,54324.54297,3387
17-06-2019,54950,55300,54148.85156,54724.69922,54344.34375,5755
18-06-2019,54555,54950,54123.80078,54619.80078,54240.17578,4368
19-06-2019,54700,54931.80078,54326,54495.80078,54117.03906,6317
20-06-2019,54599.94922,55000,54114.89844,54921.69922,54539.98047,2777
21-06-2019,54850,55199.89844,54450,54922.39844,54540.67578,3125
24-06-2019,54600,55089.94922,54555.25,54660.69922,54280.79688,5044
25-06-2019,55050,56338.64844,54498.94922,55552.89844,55166.78125,13088
26-06-2019,55300,56350,55249,56094.75,55704.87109,5529
27-06-2019,56092,56900,56092,56501.94922,56109.24219,7335
28-06-2019,56799,56800,56346.85156,56609.60156,56216.14453,6063
01-07-2019,56840,57147.94922,56513,56758.85156,56364.36719,3293
02-07-2019,56758.85156,56974.19922,56182,56667.60156,56273.74609,3549
03-07-2019,56700,57075.35156,56615.25,56806.64844,56411.81641,4265
04-07-2019,56810,57000,56301.14844,56539.44922,56146.48047,3757
05-07-2019,56540,56714.10156,55750,56003.14844,55613.90625,3876
08-07-2019,55712,55712,54402.85156,54776.25,54395.54297,6867
09-07-2019,54893,54900,53980,54571.19922,54191.91016,6050
10-07-2019,54572,55400,54555.55078,55196.89844,54813.25781,5225
11-07-2019,55001,56528.44922,54696,56163.89844,55773.54688,4222
12-07-2019,56148,56291.80078,55680,56074.69922,55684.96484,3806
15-07-2019,55810,56321.55078,55810,56132.39844,55742.25781,4232
16-07-2019,55851,56745,55851,56510.89844,56118.13281,3608
17-07-2019,56510,56510,55817.5,56004.69922,55615.44922,4807
18-07-2019,56005,56252.75,55406.05078,55538.39844,55152.39453,3075
19-07-2019,55740,55900,53175.85156,53502.85156,53130.98828,8765
22-07-2019,53782.85156,54365.85156,53254.05078,54144.10156,53767.78516,3720
23-07-2019,54349,54435.39844,53600,53941.80078,53566.89063,3685
24-07-2019,54000,54639.94922,53725,54028.60156,53653.08203,5309
25-07-2019,54025,54483.60156,53800,54112.89844,53736.79688,4636
26-07-2019,54000,54981.75,54000,54338.5,53960.82813,2683
29-07-2019,54340,54660,53510,53785.30078,53411.47656,7924
30-07-2019,53990,54289.75,53673,53778.5,53404.72266,4885
31-07-2019,53801,53801,52636.55078,53548.75,53176.57422,5426
01-08-2019,53450,53878.35156,53100,53355.60156,53038.24219,5918
02-08-2019,53050,54284.55078,52411.14844,53869.55078,53549.14453,5861
05-08-2019,53250,53650,52951,53352.89844,53035.55469,3159
06-08-2019,53200,54094.94922,53200,53871.14844,53550.72266,2796
07-08-2019,54000,54450,53700,53998.5,53677.32813,4650
08-08-2019,54015,54900,54005,54699.55078,54374.21094,2761
09-08-2019,54850,57431.60156,54550,57034.44922,56695.21875,21845
13-08-2019,56601.30078,57390.89844,56011.10156,56736.75,56399.28906,7241
14-08-2019,56621,57871.5,56350,57293,56952.23828,8058
16-08-2019,57300,58300,56501.35156,56823.60156,56485.62891,5761
19-08-2019,57010,57745,57010,57589.80078,57247.26563,4045
20-08-2019,57502,57857,57228.94922,57548.89844,57206.60547,3228
21-08-2019,57501,57857,57200,57737,57393.58984,3921
22-08-2019,57502,57700,56979,57572.44922,57230.01953,5127
23-08-2019,57600,58400,56521.05078,57859.5,57515.36328,5842
26-08-2019,58450,59000,57304.05078,58782.39844,58432.77734,5060
27-08-2019,58780,59499,58650.55078,58871.5,58521.34375,4168
28-08-2019,58871,59200,57580.60156,57924.5,57579.97266,3434
29-08-2019,57950,57988,57188.05078,57545.64844,57203.37891,2946
30-08-2019,57660,58950,57660,58590.05078,58241.56641,4921
03-09-2019,58598.30078,58649.85156,57519.85156,57801.55078,57457.75391,3399
04-09-2019,57801.55078,58188.89844,57495.05078,57691.19922,57348.05469,3013
05-09-2019,57880,58260,57583.60156,57722.44922,57379.12109,2103
06-09-2019,58080,58980,57900.10156,58754.30078,58404.83594,2892
09-09-2019,58802,59200,58333,58869.10156,58518.96094,2887
11-09-2019,58950,60280,58875.05078,60101.94922,59744.46875,6205
12-09-2019,60256,61109.94922,60000,60658.89844,60298.11719,7908
13-09-2019,60754,60996.69922,59760.05078,60119.94922,59762.36719,7070
16-09-2019,59799,59980,59300.05078,59461.5,59107.82813,2897
17-09-2019,59650,59993.64844,57550,57852.39844,57508.30859,5455
18-09-2019,58699,58699,58000,58364.55078,58017.41016,4374
19-09-2019,58213,58400,57890.94922,58069.14844,57723.76172,2409
20-09-2019,58380,65850,58069.14844,64642.89844,64258.41406,25477
23-09-2019,64900,67467,64900,66180.25,65786.63281,16170
24-09-2019,66749,67227.54688,65691.29688,65879.54688,65487.70703,8452
25-09-2019,65522,65990,64200,64499.5,64115.86328,6021
26-09-2019,64499.5,65420,62150,62859.60156,62485.71875,20476
27-09-2019,62859.60156,63875.85156,62286.75,62674.55078,62301.76953,7538
30-09-2019,62959,63449.89844,62470,63291.55078,62915.10156,4885
01-10-2019,63299,63949,60768.94922,61863.39844,61495.44531,9209
03-10-2019,61863.39844,62065,61200,61471.05078,61105.42969,5960
04-10-2019,61980,61980,60515.89844,60938.35156,60575.89844,4320
07-10-2019,60989,61559,60600,61165.10156,60801.30078,3561
09-10-2019,61250.5,61500.89844,60283.55078,61186.10156,60822.17578,6263
10-10-2019,61200,61389,60736.85156,61174,60810.14063,3047
11-10-2019,61250,61887.55078,61050,61722.69922,61355.58203,4974
14-10-2019,61723,62717.55078,61641.35156,61996.64844,61627.89063,4294
15-10-2019,62150,63297.89844,61772,63027.5,62652.62109,4999
16-10-2019,63030,63615.94922,62629.44922,62896.89844,62522.79688,3660
17-10-2019,62896,65711.60156,62656,64901.89844,64515.87109,7039
18-10-2019,64900,65086.94922,63800,64019.75,63638.97266,4473
22-10-2019,64394.94922,64749.89844,64030.05078,64211.30078,63829.37891,3206
23-10-2019,64288,64542.94922,63866.44922,64321.30078,63938.72656,5771
24-10-2019,64650,64700,63055,63480.19922,63102.63281,8461
25-10-2019,63830,63980,63025.35156,63285.60156,62909.18359,5263
27-10-2019,63749,63749,63011.85156,63324.35156,62947.70703,534
29-10-2019,63579,65600,63334.14844,65171.14844,64783.51563,10839
30-10-2019,65250,65450,64103.44922,64893.30078,64507.32813,5400
31-10-2019,65200,66300,65105.10156,65673.75,65283.13281,7189
01-11-2019,65990,66495.60156,64684.39844,64965.80078,64579.39453,7154
04-11-2019,65301,65709.95313,64200,64440.35156,64057.06641,5008
05-11-2019,64738,65200.85156,63231.39844,63855.75,63475.94531,5484
06-11-2019,63880,64163.14844,63365.05078,63637.75,63259.23828,3245
07-11-2019,63755,63921.89844,63310.05078,63522.60156,63144.78125,2116
08-11-2019,63681.39844,65490,62855.69922,64454.44922,64071.08203,15991
11-11-2019,64001,64100,62950,63085.19922,62709.98047,7175
13-11-2019,63380,63380,62400,62959.14844,62584.67578,4688
14-11-2019,63068.80078,63700,62785.30078,63621.5,63243.08594,3395
15-11-2019,63749.05078,64460.25,63312.30078,63950.5,63570.13672,3201
18-11-2019,64110.39844,64699,63850,64393.55078,64010.55078,3043
19-11-2019,64440,64440.55078,63420,63539.35156,63161.42578,2672
20-11-2019,63849,64111.94922,62750.19922,63058.44922,62683.39063,2999
21-11-2019,63100,63430.19922,62446.19922,62546.5,62177.44531,3752
22-11-2019,62546,63100,62500.05078,62651.35156,62281.67969,3155
25-11-2019,62652,63954,62652,63860.14844,63483.33594,5750
26-11-2019,63865,64465.75,62933.75,63092.35156,62720.07031,4604
27-11-2019,63100,63496,62851,63004,62632.24609,4315
28-11-2019,63200,64298.89844,62812,63982.60156,63605.06641,4581
29-11-2019,63855.05078,64116.19922,63200.10156,63397.05078,63022.97266,2797
02-12-2019,63397.05078,63597.5,62550,62723.05078,62352.94922,4456
03-12-2019,62879.05078,63044.19922,61931.44922,62061.69922,61695.50391,4973
04-12-2019,62061.69922,62555.10156,61550,62092.10156,61725.71875,4926
05-12-2019,62380,62597.85156,61575.05078,61760.25,61395.82813,7439
06-12-2019,62187.89844,62750,61253.39844,61533.19922,61170.11719,6126
09-12-2019,61366,63097.14844,61252,62490.39844,62121.67188,3917
10-12-2019,62400,62458.94922,61525.05078,62070.10156,61703.85156,3345
11-12-2019,62300,62348.94922,61603.30078,62050.19922,61684.07031,2791
12-12-2019,62100,62950,62061.89844,62692.10156,62322.17578,2718
13-12-2019,62800,64100,62800,63926.35156,63549.14844,4829
16-12-2019,63600,64850,63600,64254.25,63875.11328,5929
17-12-2019,64254,64999.55078,63879,64703.75,64321.95703,3451
18-12-2019,64603.14844,64929.94922,64000,64126.89844,63748.50781,8346
19-12-2019,64250,64376.5,63728.05078,64080.05078,63701.94531,3274
20-12-2019,64080.05078,64387.94922,63457.89844,63765.19922,63388.94531,4087
23-12-2019,63600,63900,63387.60156,63680.89844,63305.14844,3576
24-12-2019,63616,63900,63449.89844,63611.75,63236.41016,2205
26-12-2019,63612,63750,62796.44922,63141.75,62769.17578,3506
27-12-2019,63299.60156,66599.79688,63202.10156,65639.45313,65252.14453,8889
30-12-2019,65999,66990,65500,66252.39844,65861.45313,9010
31-12-2019,65995.70313,66579,65792,66330.29688,65938.90625,6007
01-01-2020,66199,66944,66100,66709.04688,66315.40625,4235
02-01-2020,66709.04688,67715.95313,66266,67302.54688,66905.4375,6603
03-01-2020,67400,67466.64844,66250,66583.45313,66190.57031,5527
06-01-2020,66012.29688,66176.89844,65120.14844,65508.94922,65122.40625,10446
07-01-2020,65749,66515.04688,65100,65334.10156,64948.59766,10835
08-01-2020,64800,65237.89844,64300,64871.55078,64488.77344,7222
09-01-2020,65800,67150,65520.80078,66917.70313,66522.85938,9491
10-01-2020,66725,68100,66329.54688,67493.64844,67095.39844,9439
13-01-2020,67492,67900,66750,67016.70313,66621.27344,5981
14-01-2020,66701,67500,66452,66696.10156,66302.55469,8147
15-01-2020,66798,66918.60156,65819.54688,66271.70313,65880.65625,7937
16-01-2020,66499,67150,65897,67059.39844,66663.70313,9044
17-01-2020,67460,70000,67139.95313,69312.89844,68903.89063,22381
20-01-2020,69060,70220.25,68244,68510.75,68106.50781,9587
21-01-2020,68400,68550,67586.89844,67930.14844,67529.32031,3847
22-01-2020,68459,68800,67521.14844,67851.14844,67450.78906,4575
23-01-2020,68500,70000,68140,69878.64844,69466.32031,9651
24-01-2020,69611,70825.64844,69500,70407.35156,69991.91406,8680
27-01-2020,70290,70600,69781,70309.35156,69894.49219,7624
28-01-2020,70585,70999.95313,69342.04688,69864.70313,69452.46875,5883
29-01-2020,70090,70600,70000,70372.54688,69957.3125,4712
30-01-2020,70539,70600,69501,69818.60156,69406.64063,6362
31-01-2020,69849,70600,69318.20313,69674.75,69263.63281,4805
03-02-2020,68690,69888,68000,69462.64844,69052.78906,6669
04-02-2020,69650,71899,69650,71680.14844,71257.19531,12327
05-02-2020,71680.14844,73565.70313,71680.14844,72390.79688,71963.64844,10788
06-02-2020,72599,73100,71260,71636.35156,71213.64844,5926
07-02-2020,71899,71900,70371.25,70960.45313,70541.75,5974
10-02-2020,71490,73500,69800,73247.89844,72815.6875,29310
11-02-2020,73200,73500,71111,71381.70313,70960.5,13405
12-02-2020,71755,72809.29688,71400,71675.95313,71253.02344,5903
13-02-2020,71967,71967,70901.10156,71525.14844,71103.10938,5184
14-02-2020,71800,72519.20313,71100,71799.20313,71375.55469,7017
17-02-2020,71800,72333,71200,71299.79688,70879.09375,3950
18-02-2020,71500,71500,69525,69693.60156,69285.28906,9604
19-02-2020,70290,70437.14844,69500,69959.29688,69549.42188,5731
20-02-2020,69959.29688,71232.60156,69751.10156,70789.5,70374.76563,8466
24-02-2020,70888,70888,68500.14844,68874.70313,68471.19531,4295
25-02-2020,69100,69798.89844,68500,69133.45313,68728.41406,6211
26-02-2020,69134,69403.95313,67850,68140,67740.77344,5155
27-02-2020,68180,68339.95313,66730.70313,67559.45313,67163.63281,6856
28-02-2020,66400,67296.64844,65315,66393.20313,66004.21875,11768
02-03-2020,66891,67595.89844,65551,65976.29688,65589.78125,6419
03-03-2020,66799,68558.35156,65600,67740.70313,67343.82813,8202
04-03-2020,67270,67698.79688,66100,67053.35156,66660.49219,8187
05-03-2020,67300.04688,68169.89844,66809.5,67325.14844,66930.71875,5745
06-03-2020,66389,66500.20313,63858.55078,66348.14844,65959.44531,9851
09-03-2020,65800,65800,63052.44922,64261.85156,63885.36328,9596
11-03-2020,64200,65687.29688,62703,63589.85156,63217.30078,15621
12-03-2020,62001,62888.19922,58000,60555.25,60200.47266,17336
13-03-2020,56030,66300,56030,65929.35156,65543.10938,15213
16-03-2020,62000,63899.85156,60309.05078,61295.05078,60935.93359,11325
17-03-2020,61295.05078,63749.80078,60350.05078,62140.69922,61776.63672,14677
18-03-2020,62899.94922,63395.10156,59200,59921.14844,59570.08594,12224
19-03-2020,58950,59870,56950.5,57803.75,57465.09375,18081
20-03-2020,58199.94922,61111.10156,57534.69922,58988.94922,58643.34766,12332
23-03-2020,55905,56998.85156,51500,51970.25,51665.78125,20514
24-03-2020,55000,55000,49915.10156,52597.69922,52289.54297,15772
25-03-2020,50155.55078,57700,50155.55078,56579.25,56247.76563,16480
26-03-2020,56600,60742.64844,54900,55343.75,55019.50391,16474
27-03-2020,57940,58200,53620,56371.25,56040.98438,15883
30-03-2020,54700,55270,53522.89844,54375.69922,54057.125,39105
31-03-2020,54600,59312,54121.05078,58164.44922,57823.67969,25755
01-04-2020,57900,57900,54675.44922,55108.85156,54785.98438,20661
03-04-2020,55600,56200,54500,55062.25,54739.66016,33126
07-04-2020,56500,58088,56055.05078,57701.05078,57362.99609,18689
08-04-2020,56600,59500,56300,57172.75,56837.79297,15231
09-04-2020,58599,60460.05078,57700.19922,60017.89844,59666.26563,17979
13-04-2020,59500,59831.39844,57101,57399.19922,57062.91797,13752
15-04-2020,58500,58500,56760,57417.75,57081.34766,17187
16-04-2020,57390,62000,57012.10156,60441.89844,60087.78516,22062
17-04-2020,61541.89844,62340,61000,61638.30078,61277.17969,15847
20-04-2020,62000,62000,61150,61384,61024.36719,9847
21-04-2020,60500,60793.60156,58500.69922,58864.75,58519.87891,12668
22-04-2020,58875,59489.89844,57829,58221.94922,57880.84766,14951
23-04-2020,58547,59341.85156,58500,58712.35156,58368.36719,8688
24-04-2020,58225,59200,58000,58805.39844,58460.87891,8119
27-04-2020,59700,60290,58805.39844,59206.55078,58859.67578,7821
28-04-2020,59800,59800,58550,59075.69922,58729.58594,6233
29-04-2020,59100,59750,58900,59203.69922,58856.83594,8035
30-04-2020,59800,61800,59499.94922,60510.64844,60156.13672,18800
04-05-2020,59499.94922,59499.94922,57700,57987.30078,57647.57422,9677
05-05-2020,58647,59350,57500,57750,57411.66016,9615
06-05-2020,58350,58790,57200.10156,58362.69922,58020.76563,8360
07-05-2020,58000,59000,58000,58831.05078,58486.37891,7492
08-05-2020,58902,59783.05078,58450,58874.89844,58529.96484,9752
11-05-2020,59025,59450,58286,58791.19922,58446.75391,12163
12-05-2020,58500,58629.89844,57318.85156,57632.10156,57294.44922,8170
13-05-2020,58850,60200,58221.5,59645.14844,59295.70313,16232
14-05-2020,58676,59125,57925.39844,58132.60156,57792.02344,6586
15-05-2020,58751,58751,57775,58135.55078,57794.94922,8049
18-05-2020,58235,58499.94922,56150,56356.05078,56025.87891,9020
19-05-2020,56850,57400,56600,56828.19922,56495.25781,6472
20-05-2020,57200,57400,56745.05078,57298.89844,56963.20313,7045
21-05-2020,57399,58260,57300,57451.5,57114.90625,4818
22-05-2020,57309.44922,57890,57000,57434.10156,57097.61328,4096
26-05-2020,57834.80078,58199.94922,57195.14844,57726.10156,57387.90234,6257
27-05-2020,57825,58200,57500,58078.80078,57738.53125,5430
28-05-2020,57952,58950,57951.94922,58466.19922,58123.66016,6482
29-05-2020,58350.5,59350.5,58350.5,59113.10156,58766.77344,7484
01-06-2020,59500,62269.94922,59365.60156,61446.05078,61086.0625,11453
02-06-2020,61999,63738.44922,61657.69922,62692.39844,62325.09375,11885
03-06-2020,63499.94922,64172.30078,61129.25,61744.25,61382.50781,14523
04-06-2020,61844.25,62487.89844,60710,61648.75,61287.5625,11209
05-06-2020,61705,63844,61521.10156,63526.19922,63154.01172,13614
08-06-2020,63700,65150,63561.10156,64244.39844,63868.00391,15854
09-06-2020,64970,64970,63550,63994.14844,63619.22266,12490
10-06-2020,63990,64394.14844,63250.89844,63796.35156,63422.58594,7412
11-06-2020,63699.94922,64099.94922,62700.14844,62884.94922,62516.52734,7919
12-06-2020,61000,64100,59500,63729.05078,63355.67188,11399
15-06-2020,64950,65499,62500,62993.60156,62624.53906,16231
16-06-2020,63725,64495,62077.5,62660.30078,62293.19531,9122
17-06-2020,62748,63500,62369.05078,62968.25,62599.33203,7254
18-06-2020,62888,63350,62701.05078,62999.69922,62630.59766,4653
19-06-2020,63101,63592.94922,62700,62949.30078,62580.49219,7143
22-06-2020,63200,65200,63200,64762.75,64383.32813,11458
23-06-2020,65010,65650.54688,64155.69922,64532.64844,64154.57813,8282
24-06-2020,65032.64844,65870,63586.39844,64128.10156,63752.39063,9738
25-06-2020,64160,65500,63870,64809.64844,64429.94141,7199
26-06-2020,65009.64844,67000,65009.64844,66457.70313,66068.35156,15913
29-06-2020,66400,66800.79688,64830.05078,65196.89844,64814.92578,19328
30-06-2020,66480,67725,65750,67274.5,66880.35938,24297
01-07-2020,66800,66800,65600,65836.79688,65451.06641,13670
02-07-2020,66400,66800,65800,66092.85156,65705.625,9523
03-07-2020,66301,66599.95313,65815.45313,66140.25,65752.75781,8136
06-07-2020,66601,67550,66350,67333.54688,66939.07031,10688
07-07-2020,67333.54688,67510,65600,66858.79688,66467.08594,11291
08-07-2020,67000,67448.64844,65000.69922,65287.19922,64904.69141,16872
09-07-2020,65944.89844,66200,65050,65335.85156,64953.07031,11634
10-07-2020,65799,65799,64515,64867.25,64487.21484,12530
13-07-2020,65100,65698.89844,64350,64673.44922,64294.54297,8442
14-07-2020,64800,64890,63610.14844,64396,64018.71875,10422
15-07-2020,64677,65199.94922,63460,63675.35156,63302.29688,12777
16-07-2020,64000,64132.75,62431.35156,63537.94922,63165.69531,11199
17-07-2020,63998.94922,65870.85156,63382.69922,65360.55078,64977.61719,13834
20-07-2020,65500,65849.5,64720.10156,65042.80078,64661.73047,10937
21-07-2020,65800,65900,65250.25,65621.10156,65236.64453,10307
22-07-2020,65590,65590,64255.80078,64407.75,64030.40234,14416
23-07-2020,64793.55078,64793.55078,63100,63357.35156,62986.15625,13509
24-07-2020,63199,63800,62700,62976.5,62607.53906,15917
27-07-2020,63580,63580,61605,61931.60156,61568.75781,14479
28-07-2020,62199.80078,63000,62006,62204.89844,61840.44922,14267
29-07-2020,62400,62800,61550,61815.10156,61452.94141,9789
30-07-2020,62000,62399.89844,60700.69922,61043.14844,60685.50781,12271
31-07-2020,61200,61600,60602,61048.55078,60690.88281,11425
03-08-2020,61000,61800,60802.25,60974.64844,60617.41406,9152
04-08-2020,61500,61700,61004.14844,61270.10156,60911.13672,15026
05-08-2020,61400,61900,61150,61519.05078,61158.625,9425
06-08-2020,61500,61850,61100,61345.80078,60986.39844,4610
07-08-2020,61250,63260,61250,62702.80078,62335.4375,29581
10-08-2020,62798,63550,61700,61863,61500.5625,9740
11-08-2020,62200,62490,61390,61460.44922,61100.36719,9749
12-08-2020,61640,61899.85156,61350,61634.75,61273.64453,11449
13-08-2020,61900,64352.25,61400,63976.5,63601.68359,29507
14-08-2020,64000,64600,61200,61433.75,61073.83203,49738
17-08-2020,62199,62282.14844,59940.39844,60148.05078,59795.65625,32399
18-08-2020,60700,60879.94922,60000,60205.5,59852.77734,21461
19-08-2020,60580,60720,59604.10156,59837.80078,59487.23047,25319
20-08-2020,59998.35156,60300,59235.64844,59507.30078,59158.66406,27828
21-08-2020,59990,60150,59325.10156,59627.14844,59277.8125,31493
24-08-2020,60000,60537.5,59505.05078,59598.55078,59249.37891,22258
25-08-2020,59947,60150,59067.25,59286.39844,58939.05859,23315
26-08-2020,59250,59746.25,59250,59336.75,58989.10938,19075
27-08-2020,59786,59799,59100,59316.55078,58969.02344,12994
28-08-2020,59400,59999,59151,59579.85156,59230.78906,16940
31-08-2020,59999,59999,57520.05078,57987.44922,57647.72266,17715
01-09-2020,58500,58698.94922,57600,58345.30078,58003.47266,14263
02-09-2020,58410,59099.85156,58000,58586.75,58243.50391,12907
03-09-2020,58741,58998,58304.44922,58492.10156,58149.41016,8086
04-09-2020,58250,58800,57565.44922,58425.39844,58083.10547,11067
07-09-2020,58425.39844,58854.94922,58000,58374.19922,58032.19922,12599
08-09-2020,58500,58500,58050,58212.64844,57871.59375,9805
09-09-2020,58200,59054.94922,57867,58763.55078,58419.27344,12863
10-09-2020,58865,59399,58700,59134.05078,58787.60156,9822
11-09-2020,59100,59400,58445.89844,59226.69922,58879.70313,14081
14-09-2020,59230.05078,59800,58199.85156,58519.85156,58269.47266,17430
15-09-2020,58600,59400,58200,58408.44922,58158.55078,40617
16-09-2020,58600,59850,58508.44922,59573.94922,59319.0625,23565
17-09-2020,59310,59778,59154.55078,59530.85156,59276.16016,12214
18-09-2020,59600.85156,59970,58530.75,58950.60156,58698.38672,17210
21-09-2020,58950.60156,59079.89844,57866,58159.25,57910.42578,23226
22-09-2020,58160,58350.25,57400,57709.55078,57462.64844,9817
23-09-2020,58000,58320,56800,57211.5,56966.72656,11256
24-09-2020,56999.55078,57098.10156,55300,55618.85156,55380.88672,10032
25-09-2020,55910,58000,55701.05078,57461.44922,57215.60156,12635
28-09-2020,57800,59449.94922,57800,59306.55078,59052.80859,12997
29-09-2020,59778.80078,59890,58175.75,59462.35156,59207.94141,17381
30-09-2020,59300,60001,58700,59572.19922,59317.32031,16827
01-10-2020,59570,60695,59400,60578.30078,60319.12109,15857
05-10-2020,60800,61233.94922,60300,60525.60156,60266.64844,16527
06-10-2020,60800,61100,60076.35156,60269.94922,60012.08594,9028
07-10-2020,60490,61089.69922,59956.80078,60601.55078,60342.27344,10706
08-10-2020,60728.94922,61100,59600,60175.35156,59917.89453,9954
09-10-2020,60677.89844,60677.89844,58542.64844,58784.89844,58533.38672,12645
12-10-2020,59298,59298,58174.05078,58587.10156,58336.44141,9057
13-10-2020,58200.10156,59439.19922,58200.10156,58589.94922,58339.27734,15742
14-10-2020,58700,59149,58000,58903.55078,58651.53516,16274
15-10-2020,59000,59246.39844,58150,58454.64844,58204.55469,9112
16-10-2020,58350,58880.14844,57860.05078,58013.10156,57764.89453,7262
19-10-2020,58300.94922,60100,58100,60009.85156,59753.10156,21961
20-10-2020,59251,60347.30078,59251,59927.35156,59670.95313,14375
21-10-2020,60000,61599,60000,61042.44922,60781.28125,32354
22-10-2020,61042.44922,62442.60156,60834.64844,62250.35156,61984.01953,24154
23-10-2020,62250,63985,62130.69922,63619.10156,63346.90625,31802
26-10-2020,63800,64319.89844,62863.94922,63280.44922,63009.70703,30884
27-10-2020,64546,69608.45313,63502.10156,68202.60156,67910.80469,88721
28-10-2020,68202.60156,68202.60156,65360.05078,66844.54688,66558.55469,46839
29-10-2020,66000,68917.45313,65160.89844,67298.35156,67010.40625,50267
30-10-2020,67748,68450,64600.05078,65303.25,65023.85547,51521
02-11-2020,65500,66637.20313,64760.05078,66226.04688,65942.71094,32674
03-11-2020,66645,67999,66567.64844,67676.25,67386.71094,29445
04-11-2020,67320.25,69250,67223.5,68449.85156,68156.99219,33722
05-11-2020,69000,69890.10156,68208.04688,68568.5,68275.14063,32905
06-11-2020,69250,69900,68139.85156,68516.85156,68223.70313,47996
09-11-2020,69100,70325.70313,68665.60156,69841.04688,69542.24219,36658
10-11-2020,70444,70736.29688,68973.95313,69367,69070.22656,36190
11-11-2020,69480,70490,67919.14844,68589.14844,68295.70313,43328
12-11-2020,68999,69579.75,68650,69386.89844,69090.03125,20708
13-11-2020,69500,72499,69450,71826.20313,71518.89844,48897
14-11-2020,72225,72490,71001.25,71926,71618.26563,5247
17-11-2020,72288,74650,71926,74095.45313,73778.4375,48299
18-11-2020,74095.45313,75400,72374.29688,75041,74722.96094,62263
19-11-2020,74500,77399,74106.95313,76831.35156,76505.73438,64112
20-11-2020,76959,79500,76800,79069.39844,78734.29688,80370
23-11-2020,81160,81249.39844,79200.04688,80114.5,79774.96875,60161
24-11-2020,80300,80950,79100.54688,79840.14844,79501.77344,56578
25-11-2020,80800,80800,75653,76311.75,75988.34375,52953
26-11-2020,77000,77543.95313,74305.25,75820.04688,75498.71094,77903
27-11-2020,76500,79228.95313,75300,77738.64844,77409.19531,281075
01-12-2020,79400,80102.35156,77777.5,79564.29688,79227.10156,57627
02-12-2020,79800,80000,78631.95313,79781.25,79443.13281,38286
03-12-2020,79773.29688,79800,78500,78894.64844,78560.28906,28657
04-12-2020,79399.95313,79600,78200,78698.14844,78364.60938,35870
07-12-2020,77887.29688,79995,77887.29688,79527.64844,79190.59375,25469
08-12-2020,79600,79984.29688,78862.79688,79161.79688,78826.28906,23532
09-12-2020,79495,79600.79688,78000.04688,78371.29688,78039.15625,18683
10-12-2020,78499,78745.35156,77350.10156,77615.20313,77286.25,22452
11-12-2020,77990,78396.70313,77300,77878.35156,77548.29688,20832
14-12-2020,78400,78400,77300,77547.64844,77218.99219,15865
15-12-2020,77547.64844,77800,76800,77286.35156,76958.80469,14509
16-12-2020,77383,79180.39844,77380,78618.85156,78285.67188,29876
17-12-2020,78625,79166.29688,77000,77291.14844,76963.57813,19833
18-12-2020,77900,78190,76850,77571.54688,77242.78125,34069
21-12-2020,77638,77793.14844,74545.45313,75277.70313,74958.65625,24201
22-12-2020,75477,76709.85156,73777.75,76096.35156,75773.85938,27697
23-12-2020,76000,76850,75406.39844,75854.85156,75533.38281,15368
24-12-2020,76400,76549.95313,75550,75892.35156,75570.71094,14445
28-12-2020,76100,76840.20313,75008.85156,75366.70313,75047.28906,18088
29-12-2020,75899,76000,74860,75677.54688,75356.82813,14694
30-12-2020,75561.04688,77672.75,75300,76925.10156,76599.07031,16171
31-12-2020,76600,77339.95313,75310.14844,75750.45313,75429.41406,28028
01-01-2021,76000,76334.35156,75550,76021.64844,75699.46094,13254
04-01-2021,76200.64844,78900,75900,78402.20313,78069.9375,28145
05-01-2021,77800,79373,77700,79053,78717.95313,25539
06-01-2021,79053,79800,77619.20313,78752.25,78418.48438,30427
07-01-2021,79500,79500,77000,77332.60156,77004.85156,21765
08-01-2021,77780,81399,77600,80602.10156,80260.49219,31729
11-01-2021,80700,83000,80500,82507.89844,82158.22656,48475
12-01-2021,82400,87000,81712.39844,85746.89844,85383.49219,87936
13-01-2021,86200,87399.95313,85300,85642.29688,85279.34375,57619
14-01-2021,86300,89938.10156,85785,88749.64844,88373.51563,55671
15-01-2021,89150,89823.89844,86401.29688,87551.75,87180.70313,57495
18-01-2021,87800,88165.60156,85111.25,85661.85156,85298.80469,30785
19-01-2021,86150,88005.70313,86150,87197.54688,86827.99219,21305
20-01-2021,87800,94120.14844,87600.60156,93081.5,92687.00781,80494
21-01-2021,93600,96479.70313,90602,91712.89844,91324.21094,111415
22-01-2021,92444,94345.95313,91420,92305.95313,91914.75,90867
25-01-2021,93879.95313,93879.95313,89205.10156,89638.35156,89258.45313,60275
27-01-2021,90100,90177.25,87510,88577.75,88202.34375,58528
28-01-2021,88100,89411.60156,87122.75,87487.70313,87116.91406,51944
29-01-2021,88499.10156,89388,83455.70313,84069.14844,83712.85938,56240
01-02-2021,84888,88798.60156,83900.04688,88133.64844,87760.11719,46017
02-02-2021,89450,91949.89844,88926.85156,90745.95313,90361.35938,51519
03-02-2021,91583.20313,93278.35156,89500.04688,89963.5,89582.21875,44550
04-02-2021,90999.89844,93780,89964,92181.95313,91791.26563,63583
05-02-2021,93318.29688,93566.95313,90272.14844,90693.04688,90308.67969,49120
08-02-2021,92249.89844,92551.25,90000,90870.75,90485.625,36568
09-02-2021,91495,94699,90400,93597.89844,93201.22656,69603
10-02-2021,93852,97880.79688,92750,96973.85156,96562.85938,72305
11-02-2021,96770,98599.95313,89120,90084.70313,89702.91406,182954
12-02-2021,92000,93480,90085,91278.04688,90891.19531,138059
15-02-2021,92373.39844,92450,90000,90643.89844,90259.73438,54272
16-02-2021,91499,91550,89003.79688,89575.35156,89195.72656,58998
17-02-2021,90999.89844,90999.89844,88811,89184.5,88809.48438,39383
18-02-2021,89500,90000,88350,88881.35156,88507.625,36398
19-02-2021,88160,89369.85156,87000,88120.10156,87749.57813,34825
22-02-2021,88800,88800,86226,86921.29688,86555.8125,33729
23-02-2021,87293.60156,88105.04688,85800,87558.5,87190.33594,37383
24-02-2021,88100,88600,86850,87979.64844,87609.71094,13773
25-02-2021,88200,88600,87362.85156,87622.79688,87254.35938,22420
26-02-2021,86900,87320,83803.54688,84498.14844,84142.85156,46327
01-03-2021,85200,89864,85152.04688,89025.45313,88651.125,48753
02-03-2021,90148.75,90274,88446.95313,89680.39844,89303.3125,34837
03-03-2021,89680,89950,88480,89097.10156,88722.46875,22137
04-03-2021,88200,90801,88097.70313,89773.54688,89396.07031,29437
05-03-2021,89699.89844,89699.89844,88005,88661.75,88288.95313,27911
08-03-2021,88661.75,89484.95313,87202.04688,87564.54688,87196.36719,21119
09-03-2021,88398.39844,89505.5,88000,89067.70313,88693.19531,24443
10-03-2021,89702.75,89703,88379.45313,88684.10156,88311.20313,16992
12-03-2021,88800,90300,88200,88775.35156,88402.07813,25808
15-03-2021,89200,89490.5,87000,87673.54688,87304.89844,22657
16-03-2021,87900,88479.85156,86500,86819,86453.94531,22685
17-03-2021,87328.54688,87328.54688,85246.25,85609,85249.03125,18541
18-03-2021,86025.20313,86348.25,83000.04688,83206.25,82856.39063,30104
19-03-2021,82900,84920.95313,80605.79688,84539.79688,84184.32813,63106
22-03-2021,84500,85499,82421.10156,83722.79688,83370.75781,27406
23-03-2021,83999.89844,84999.95313,83600,84615.10156,84259.32031,26061
24-03-2021,83870,84345.39844,81800,82341.70313,81995.46875,25865
25-03-2021,82300,82993,80702.70313,81751.20313,81407.45313,33840
26-03-2021,82749.39844,82749.39844,81800,82009.45313,81664.61719,17694
30-03-2021,82511,83946,81325.04688,83185.29688,82835.52344,34009
31-03-2021,82711.39844,83525.75,81950,82259.45313,81913.57031,17739
01-04-2021,83148,83449.95313,82200,83133.10156,82783.54688,19973
05-04-2021,82310,83269.10156,81262.60156,81520.89844,81178.125,19060
06-04-2021,82139.75,82500,81211.10156,82245.54688,81899.72656,18062
07-04-2021,81770,83950,81684.75,83672.60156,83320.78125,16887
08-04-2021,83900,84492.14844,82500,82983.10156,82634.17188,19674
09-04-2021,82908.35156,83287.45313,81750,81888.14844,81543.83594,14917
12-04-2021,81300,81400,78900,79227.85156,78894.71875,24417
13-04-2021,79500,83100,79300,82671.60156,82323.99219,30804
15-04-2021,81700,82449.95313,80500,80980.5,80640,33546
16-04-2021,81410,81981.04688,80980.5,81366,81023.88281,23199
19-04-2021,79205,80399,78813,79231.39844,78898.25,26801
20-04-2021,80399.95313,80650.10156,78699.54688,79339.79688,79006.19531,27667
22-04-2021,79100,79100,77634.35156,78308,77978.73438,41067
23-04-2021,78280,78881,77800,78214.14844,77885.25781,17859
26-04-2021,78550,79296.39844,77484.5,77687.54688,77360.89063,16483
27-04-2021,77900,78472.89844,77700,78010.39844,77682.36719,13283
28-04-2021,78390,79300,77850,78060.79688,77732.5625,23446
29-04-2021,78600,79100,77505,77656.89844,77330.36719,18240
30-04-2021,77600,81699,77200,80720.54688,80381.14063,60005
03-05-2021,80399.89844,81127.95313,79300.10156,79907.54688,79571.55469,18348
04-05-2021,80880,80880,78410.14844,78614.5,78283.95313,24181
05-05-2021,79299.95313,79398.95313,77751,78277.70313,77948.5625,17889
06-05-2021,78300,79199.95313,77756.25,77887.29688,77559.79688,17273
07-05-2021,78300,78770,77200,77446.20313,77120.55469,21111
10-05-2021,78200,78745,77500,78370.04688,78040.52344,15645
11-05-2021,77914,78989.95313,77606.35156,78621.14844,78290.57813,14533
12-05-2021,78300,79225.10156,77001,77267.29688,76942.40625,21902
14-05-2021,77501,77850,75950,76135.75,75815.61719,23176
17-05-2021,76780,78464.29688,76000,78211.79688,77882.9375,20991
18-05-2021,78850,79947,78405.54688,79270,78936.6875,24073
19-05-2021,79272,80000,78340.04688,79683.20313,79348.14844,19150
20-05-2021,79800,82469.95313,79246.35156,81231.10156,80889.53125,26037
21-05-2021,81700,82483.64844,81300,82178.20313,81832.66406,20210
24-05-2021,82360,83300,82000,82458.85156,82112.13281,15291
25-05-2021,82706,83098.95313,81921,82181.64844,81836.08594,11453
26-05-2021,82669.95313,82800,81400,81569.5,81226.51563,10203
27-05-2021,81599.89844,83174.85156,81355.60156,82794.14844,82446.00781,18209
28-05-2021,83199,83650,82825,83382.10156,83031.5,10943
31-05-2021,83237,83965,83000,83641.39844,83289.70313,10282
01-06-2021,83643.39844,84800,82811.79688,83083.45313,82734.10938,11331
02-06-2021,82800,84776.45313,82800,84432.64844,84077.63281,10170
03-06-2021,84705,85086,83810,84471,84115.82813,9669
04-06-2021,84850,85336,84240,84918.70313,84561.64844,11134
07-06-2021,85598.89844,87300,82250,82400.5,82054.02344,69851
08-06-2021,82260,82455.14844,81150.14844,81349.20313,81007.14844,26448
09-06-2021,81869,81989,80009,80228.14844,79890.8125,19134
10-06-2021,80301,82325.95313,80050.04688,82172.14844,81826.625,20186
11-06-2021,82572.14844,82818.45313,81325.20313,82171.5,81825.97656,13297
14-06-2021,82000,83127.95313,81271.29688,82476.85156,82130.05469,11908
15-06-2021,82530.5,83357.75,81950,82862.70313,82514.28906,12061
16-06-2021,82799,83150,82350.04688,82554.29688,82207.17188,10103
17-06-2021,81925,83295.85156,81826.04688,82676.39844,82328.75781,14770
18-06-2021,82650,83147.39844,80500,82644.10156,82296.60156,32641
21-06-2021,81000,82250,81000,81777.04688,81433.1875,6928
22-06-2021,82500,82500,81500,81747.25,81403.51563,7101
23-06-2021,81750,82499.95313,81750,81970.54688,81625.86719,4801
24-06-2021,82198,82198,80650,80975,80634.52344,9667
25-06-2021,81217.89844,81249.04688,80375,80514.20313,80175.65625,7525
28-06-2021,80899,81148.85156,80141,80554.64844,80215.92969,10158
29-06-2021,80750,80750,79527.75,80222.25,79884.9375,14280
30-06-2021,80300,80649.54688,79871,80079.5,79742.77344,7178
01-07-2021,80100,81467.85156,80100,81018.29688,80677.63281,9204
02-07-2021,81021.10156,81489.60156,80600,81142.29688,80801.10938,6768
05-07-2021,81190,81827.75,80600,80830.35156,80490.48438,8057
06-07-2021,80890,81384,80350,80449.20313,80110.9375,6734
07-07-2021,80600,81349.85156,80300.20313,80768.89844,80429.27344,10475
08-07-2021,81000,81339.95313,80100,80417.95313,80079.82031,5867
09-07-2021,80600,80699.89844,79880,79994.70313,79658.35156,10267
12-07-2021,80300,80480.20313,79880,80187.10156,79849.9375,5751
13-07-2021,80439.95313,83450,80001.10156,83115.79688,82766.3125,35724
14-07-2021,83000,83356.95313,82380.60156,82806.04688,82457.86719,9792
15-07-2021,82806,83254.95313,81116,81445.20313,81102.75,10241
16-07-2021,81950,82710,81354.89844,82449.85156,82103.16406,11216
19-07-2021,81800,82964.95313,81625,82236.29688,81890.50781,7692
20-07-2021,82201,82700,81402,81640.04688,81296.76563,7135
22-07-2021,81650.5,82400,81242.54688,81572,81229.00781,6118
23-07-2021,81879.95313,81969.75,81000,81174.85156,80833.53906,4471
26-07-2021,81349,81599.54688,80700,80917.75,80577.50781,5993
27-07-2021,80925,81319.95313,79947.85156,80095.35156,79758.5625,6581
28-07-2021,80255.54688,80545,79201.04688,79922.75,79586.69531,7559
29-07-2021,80002.29688,80297.79688,79451.95313,79725.5,79390.26563,5158
30-07-2021,79964.70313,81140,79713.29688,79907.45313,79571.46094,9818
02-08-2021,80499,81349.95313,80133.29688,80420.85156,80082.70313,10580
03-08-2021,80800,81220,80512.5,81018.39844,80677.73438,5106
04-08-2021,81019,81600.45313,80202,80453,80164.1875,6965
05-08-2021,80613.89844,80722.29688,79466.89844,79663.25,79377.25781,8114
06-08-2021,79696.95313,80149.75,79000,79159.64844,78875.46875,10148
09-08-2021,79489.95313,82664.79688,79200,80050.64844,79763.28125,64535
10-08-2021,80099,80939.95313,78200,78828.04688,78545.0625,22258
11-08-2021,79000,79799.64844,77300,77603.10156,77324.50781,16579
12-08-2021,78199,78709.95313,77605,78236.04688,77955.1875,13737
13-08-2021,78550,79200,78468.14844,78872.85156,78589.71875,9067
16-08-2021,78951.70313,79350,78110,78658.79688,78376.42969,8280
17-08-2021,78658.79688,79165.04688,77930.10156,78736.60156,78453.94531,9035
18-08-2021,79099,79500,78900,79347.14844,79062.3125,7011
20-08-2021,79399,79399,77805,78076.95313,77796.67188,8520
23-08-2021,78699,78699,75950,76162.89844,75889.47656,14541
24-08-2021,76500,77401,76014.75,77157.95313,76880.96875,12172
25-08-2021,77239.95313,77980,76737.54688,77015.54688,76739.07813,12272
26-08-2021,77131,77265,76300,76564.54688,76289.69531,8394
27-08-2021,76650,77332.64844,76564.54688,76953.45313,76677.19531,6617
30-08-2021,77000,78374.95313,77000,78185.5,77904.82813,9045
31-08-2021,78300,79855.04688,78257.79688,79742.75,79456.49219,14859
01-09-2021,80000,80559.95313,79239.79688,79954.64844,79667.63281,10789
02-09-2021,80393,81875.54688,80041.45313,81265.14844,80973.41406,14947
03-09-2021,81949,82600.10156,81509.89844,82397.85156,82102.05469,15764
06-09-2021,82700,83200,81278.75,81404.85156,81112.63281,10180
07-09-2021,81785,82300,80890.04688,81084.70313,80793.61719,11928
08-09-2021,81380,81429.64844,79810,80240,79951.95313,9413
09-09-2021,80300,81469.95313,79800,79867.89844,79581.17188,14454
13-09-2021,79800,80407.10156,79250,80243.60156,79955.53906,7150
14-09-2021,80230,80847.04688,80052.04688,80423.85156,80135.14063,9958
15-09-2021,80521,80995,80116.64844,80210.14844,79922.21094,9413
16-09-2021,80600,80600,79801,79971.70313,79684.625,6457
17-09-2021,80000,80339.79688,78851,79397.25,79112.21875,13253
20-09-2021,79190,79950,78510,78875.45313,78592.30469,11737
21-09-2021,78870,79031.29688,78050,78373.75,78092.39844,10584
22-09-2021,78500,80550,78500,79993.79688,79706.64844,16457
23-09-2021,80600,80999,80001.54688,80220.70313,79932.71875,6530
24-09-2021,80500,80690,79055.04688,79456.5,79171.26563,11095
27-09-2021,79949,82000,79144.64844,81893.39844,81599.41406,20927
28-09-2021,81759.39844,81890,79810,80488.60156,80199.66406,14053
29-09-2021,80306.10156,80431.5,78901.04688,79056.70313,78772.90625,25732
30-09-2021,79550,79679.95313,78652.04688,79375.54688,79090.59375,16379
01-10-2021,79000,79370,78510,78994.39844,78710.8125,8506
04-10-2021,79477.20313,80551.95313,79400,79787,79500.58594,10101
05-10-2021,79750,80070,79232,79407.20313,79122.13281,5361
06-10-2021,79645,79890,78500,78629.5,78347.23438,9556
07-10-2021,79149.95313,81446.39844,78860.10156,81272.54688,80980.78125,22060
08-10-2021,81300,86373.45313,81100.10156,85860.45313,85552.23438,54225
11-10-2021,85860,87550,84720.45313,84932.89844,84628.00781,28671
12-10-2021,85000,86199.95313,84380.20313,85617.5,85310.14844,16687
13-10-2021,86158,86800,85440,86106.54688,85797.44531,11972
14-10-2021,86335,86600,84999.89844,85166.45313,84860.71875,7265
18-10-2021,85300,86900,84000,84314.10156,84011.42188,20490
19-10-2021,84839,85176.25,82589.35156,83013.20313,82715.19531,15834
20-10-2021,83150,83382.45313,81000,82516.54688,82220.32031,28021
21-10-2021,83278.79688,83399.95313,80900.54688,81091.45313,80800.35156,18125
22-10-2021,81100.04688,82273.25,80080,80800.39844,80510.33594,24048
25-10-2021,81499.95313,81499.95313,79016.45313,79429.45313,79144.3125,19941
26-10-2021,79500,80500,79283.70313,80093.75,79806.22656,7847
27-10-2021,80494,80575,79200,79372.79688,79087.85156,6723
28-10-2021,79373,79709.20313,77300,77609.35156,77330.74219,12606
29-10-2021,77999.95313,78400,76650,77308.14844,77030.61719,9403
01-11-2021,77694,78978.14844,77250,78741.04688,78458.375,7650
02-11-2021,78350,79390,78350,78585.20313,78303.09375,6829
03-11-2021,78860,79190,77800,77968.89844,77689,7732
04-11-2021,78375,78633.95313,78100.04688,78412.5,78131.02344,1245
08-11-2021,78880,80308,78550,79942.25,79655.27344,9209
09-11-2021,80295,80489.85156,78001,78508.70313,78226.85938,23116
10-11-2021,78508,78928.75,78050,78167.5,77886.89063,9926
11-11-2021,78399.85156,78399.85156,76900,77210.89844,76933.72656,12757
12-11-2021,77580,78297.85156,77254.10156,78174.85156,77894.21875,11688
15-11-2021,78400,78870.04688,77800,78485.5,78203.74219,10112
16-11-2021,78410,79448,78210.25,78444.79688,78163.1875,16137
17-11-2021,78694.45313,79500,78527.04688,79374.14844,79092.22656,10113
18-11-2021,79600,79665.95313,77299,77464.75,77189.61719,10930
22-11-2021,77842,77899,75020,75657.60156,75388.89063,15725
23-11-2021,75800,76699,75093.64844,76501.54688,76229.83594,7408
24-11-2021,76654.54688,77397.85156,76114.14844,76469.54688,76197.95313,6410
25-11-2021,76569.54688,76698,75280.60156,75663.39844,75394.67188,10280
26-11-2021,75650,75650,74511,75190.35156,74923.28906,9869
29-11-2021,74905,75099.95313,73050,73818.25,73556.0625,8554
30-11-2021,73541,75996,73541,74630.79688,74365.73438,25947
01-12-2021,74989.89844,75360,73501.10156,73708.60156,73446.80469,11738
02-12-2021,74124,74280,73250.10156,73881.70313,73619.29688,11728
03-12-2021,74189.95313,74691.85156,73764.85156,73882.29688,73619.89063,6322
06-12-2021,73950,74136.64844,72954.79688,73129.04688,72869.30469,7682
07-12-2021,73690,73879.79688,73351,73608.89844,73347.46094,4638
08-12-2021,74048,75242.75,74009.35156,74655.29688,74390.14844,8118
09-12-2021,74934.35156,75275,74101.10156,74668.54688,74403.34375,6709
10-12-2021,74055,75000,74000,74221,73957.39063,4831
13-12-2021,74680,75111,73645,73792,73529.91406,7479
14-12-2021,73650,74200,73500,74111.85156,73848.625,5830
15-12-2021,74005,74550,73800,73985.5,73722.72656,3594
16-12-2021,74060,74298.64844,73100,73306.45313,73046.09375,8181
17-12-2021,73270,73380,72100,72558.04688,72300.34375,10564
20-12-2021,72000,72199.89844,68700,69950.5,69702.05469,19827
21-12-2021,69950.5,71139.70313,69950,70413.64844,70163.5625,11270
22-12-2021,70499.85156,71290,70236,70549.45313,70298.875,8950
23-12-2021,70990,71500,70700.04688,71029.60156,70777.32031,8715
24-12-2021,71300,71300,69706.75,70090.70313,69841.75781,8524
27-12-2021,70089,70689.45313,69010,70526.20313,70275.71875,7843
28-12-2021,70540,71999,70540,71617.70313,71363.32813,8194
29-12-2021,71850,72697.85156,71400,72559.04688,72301.33594,9449
30-12-2021,72698.95313,72888,71850.29688,72119.54688,71863.39844,6786
31-12-2021,72011,73699.25,72011,73338,73077.51563,6473
03-01-2022,73589.95313,73979.95313,73113.64844,73367.70313,73107.125,5871
04-01-2022,73667.70313,74000,73350,73937.20313,73674.60156,6005
05-01-2022,73937.20313,74400,73783,74046,73783.00781,7370
06-01-2022,73905,74495,73200,74155.29688,73891.91406,7559
07-01-2022,74210.14844,74573.95313,73551.04688,74189.29688,73925.79688,5550
10-01-2022,74210,74979.10156,74150,74286.39844,74022.55469,5451
11-01-2022,74286,74445,73918,74291.29688,74027.4375,5864
12-01-2022,74291.29688,75498.10156,74260.04688,75383.75,75116.00781,7862
13-01-2022,75551,76300,75030.20313,75977.04688,75707.19531,9077
14-01-2022,75970,76277.14844,75345.04688,76134.64844,75864.23438,4493
17-01-2022,76134.64844,77185.45313,75800.04688,76822.20313,76549.35938,6852
18-01-2022,76851,77299.89844,76000,76296.85156,76025.86719,8057
19-01-2022,76300,76780.29688,75650,76529.85156,76258.04688,6542
20-01-2022,76097.95313,76097.95313,73500,73728.25,73466.39063,16368
21-01-2022,73640,74800,72054.35156,72697.10156,72438.90625,11025
24-01-2022,72700,72989.95313,70002,71077.35156,70824.89844,10330
25-01-2022,70900,72249.54688,69815.39844,70569.95313,70319.30469,11974
27-01-2022,70120,71049,69459.54688,70712.64844,70461.49219,10272
28-01-2022,71070,72850,71070,71327.70313,71074.375,9147
31-01-2022,72180,72500.04688,71401.04688,72148.10156,71891.85938,6201
01-02-2022,72400,72680,71200.20313,71515.45313,71261.45313,12365
02-02-2022,71601,72674.64844,71185,71462.45313,71208.64063,8742
03-02-2022,70450,71930,70111.29688,70987.14844,70735.02344,10786
04-02-2022,70987,71297.5,69851.89844,70006.39844,69757.75781,11034
07-02-2022,70398.95313,70421.85156,68600,68798.79688,68554.44531,12143
08-02-2022,69240,69800,68500,69426.35156,69179.76563,11669
09-02-2022,69601,70579.85156,69601,70426.60156,70176.46875,5620
10-02-2022,70919.60156,70919.60156,69501,69769.20313,69521.40625,14416
11-02-2022,69700,69700,68038.20313,68233.45313,67991.10156,15042
14-02-2022,67866,67866,65708,65929,65694.82813,18628
15-02-2022,66475,66999.89844,65007.05078,66680.14844,66443.32031,14444
16-02-2022,67240,67275,66000.89844,66140.60156,65905.6875,12266
17-02-2022,66450,66641.39844,65439.64844,65615.75,65385.67188,7727
18-02-2022,65315,66263.29688,65210.30078,65638.95313,65408.79688,19661
21-02-2022,65574.89844,65574.89844,64602.35156,64734.64844,64507.65625,10513
22-02-2022,63000,65999.04688,63000,65769.60156,65538.97656,26513
23-02-2022,66164.20313,66799.95313,65701,65803.60156,65572.85938,11015
24-02-2022,64350,65850,63000,63945.60156,63721.37891,43260
25-02-2022,64100,65814.95313,64022.69922,65651.70313,65421.49609,19903
28-02-2022,65252,66250,64450,65740.95313,65510.42969,13429
02-03-2022,65660,66500,65140.85156,66223.85156,65991.64063,18103
03-03-2022,66950,66980,65723,66035.45313,65803.89844,13310
04-03-2022,65600,66199.95313,65000,65911.29688,65680.17188,18449
07-03-2022,65140,66448,63741.60156,66153.10156,65921.125,29607
08-03-2022,66150,66650,65501,66394.85156,66162.03906,8208
09-03-2022,66600,66950,65890.20313,66087.85156,65856.11719,6893
10-03-2022,66687.85156,67497.79688,66555,66881.89844,66647.375,9680
11-03-2022,66590,68094.04688,66365,67898.29688,67660.21094,7705
14-03-2022,68034,68450,67405.04688,68372.35156,68132.60938,6352
15-03-2022,68200,68995,67500,68085,67846.26563,9065
16-03-2022,68700,68849.89844,68186.64844,68370.45313,68130.71875,7593
17-03-2022,68600,69889,68500.10156,68957.79688,68715.99219,14905
21-03-2022,69652.64844,69860,66588,66876.35156,66641.84375,12368
22-03-2022,67248.89844,67300,65900,67096.60156,66861.32813,9663
23-03-2022,67105,67726.60156,66611.10156,66844.70313,66610.30469,8261
24-03-2022,66840,67399.95313,66450,66718.75,66484.79688,7400
25-03-2022,66900.04688,67179.64844,66000,66501.10156,66267.91406,5838
28-03-2022,66500,66500,64955.80078,65708.64844,65478.23438,9839
29-03-2022,65790,66878.35156,65010,65297.05078,65068.08594,9704
30-03-2022,65849.54688,65899.95313,65134.55078,65358.89844,65129.71875,7190
31-03-2022,65495,65800,64701.44922,65022.10156,64794.10156,10386
01-04-2022,65100,66650,65099.94922,66485.20313,66252.07813,7651
04-04-2022,66710,67259.95313,66710,67129.89844,66894.50781,6506
05-04-2022,67129.89844,68100,67129.89844,67756.04688,67518.45313,7621
06-04-2022,67790,67956.04688,67203.14844,67630.85156,67393.70313,6216
07-04-2022,67750,68194.14844,66900,67109.25,66873.92969,8501
08-04-2022,67490,68128.95313,66708.64844,67782.85156,67545.16406,12652
11-04-2022,67500,68000,67301.04688,67765.64844,67528.02344,4286
12-04-2022,67600,67987.20313,66565.29688,67585.70313,67348.71094,13531
13-04-2022,67650,68121,67011,67447.29688,67210.79688,8522
18-04-2022,67003,67480.45313,66000.14844,66944.95313,66710.21094,11982
19-04-2022,67004,67797.54688,65800,66361.39844,66128.69531,17383
20-04-2022,66699.79688,68352.25,66501.60156,67670.39844,67433.11719,9721
21-04-2022,68005,70100,67860,69714.79688,69470.33594,11532
22-04-2022,69625,69625,68600,69143.85156,68901.39844,6278
25-04-2022,68550,69499,68235.35156,69115.89844,68873.54688,9387
26-04-2022,69500,71537.89844,69225,71331.5,71081.375,16723
27-04-2022,70315,72599.89844,70200,72218.95313,71965.71875,14670
28-04-2022,72648,72648,71254,72330.70313,72077.07813,11877
29-04-2022,72330,73400,71801.29688,72729,72473.97656,11934
02-05-2022,72000,72850,71778.5,72597.5,72342.9375,5432
04-05-2022,72800,73310.64844,71300,71878.35156,71626.3125,9510
05-05-2022,72190,72850,70777,71182.14844,70932.54688,7309
06-05-2022,70650,70831.85156,69250,69913.60156,69668.45313,8667
09-05-2022,69601,69855,68325.20313,68578,68337.53125,11683
10-05-2022,68490,70939.89844,67200,68810.04688,68568.76563,28293
11-05-2022,68350,69274.89844,67817.14844,68110.70313,67871.875,10262
12-05-2022,67990,68199.95313,66680,67622.04688,67384.92969,11473
13-05-2022,67690,73280.60156,67690,72050.89844,71798.25,28470
16-05-2022,71780,73240,71400.10156,72528.39844,72274.07813,12665
17-05-2022,72800,74300,72600,74006.75,73747.25,10590
18-05-2022,74205,74849.95313,73811.04688,74687.64844,74425.75781,10398
19-05-2022,73500,74250,73001,73434.75,73177.24219,8680
20-05-2022,74200,74679.95313,73978.79688,74104.95313,73845.10156,7777
23-05-2022,74500,75146.89844,73066.29688,73386.20313,73128.875,8044
24-05-2022,73499.95313,74598.89844,73112.95313,74395.5,74134.63281,7073
25-05-2022,74564.25,75428,73574.60156,74824.25,74561.88281,7765
26-05-2022,75000,75300,73400,75060.95313,74797.75,9279
27-05-2022,75210,75690,74300,74654.85156,74393.07031,7417
30-05-2022,74900,75795.5,74862.14844,75388.04688,75123.70313,6081
31-05-2022,75400,78165.64844,75237.45313,77649.45313,77377.17969,27991
01-06-2022,77200,77570,76000,76331.5,76063.84375,7322
02-06-2022,75501.10156,75999.85156,75030.39844,75872.79688,75606.75781,5643
03-06-2022,76061,76887.95313,76061,76460.35156,76192.24219,10174
06-06-2022,76390,76672.85156,74555.04688,74712.29688,74450.32031,8339
07-06-2022,74000,74497.25,71337.60156,71659,71407.72656,12064
08-06-2022,71701,72396.64844,70320,70653.54688,70405.80469,10536
09-06-2022,70000,70700,70000,70425.75,70178.80469,5276
10-06-2022,70115.95313,70545,69718.5,69952.25,69706.96094,6364
13-06-2022,69000,69307.79688,68215.79688,68558.54688,68318.14844,5879
14-06-2022,67506,69500,67506,68202.25,67963.10156,6121
15-06-2022,68202.25,69551,68202.25,68441.70313,68201.71875,7761
16-06-2022,69295,69314.95313,67000,67176.60156,66941.04688,7091
17-06-2022,67000,69130,65878.35156,68124.54688,67885.67188,17498
20-06-2022,68260.79688,68599.89844,66491.45313,66651.54688,66417.83594,6721
21-06-2022,66658,68299.95313,66658,68091.54688,67852.78125,5942
22-06-2022,67600,68230,67350,68040.60156,67802.01563,4849
23-06-2022,68040.60156,69280,68040.54688,69006.20313,68764.23438,7455
24-06-2022,68900,70775,68900,70553,70305.60156,12532
27-06-2022,71200,71907.70313,70900,71221.75,70972.01563,8117
28-06-2022,71000,72599.75,70567.70313,72268.64844,72015.24219,10643
29-06-2022,71567,72000,71150,71523.75,71272.95313,6071
30-06-2022,71748,72099.79688,70425,70800.89844,70552.63281,6089
01-07-2022,70300,72500,70300,72194.29688,71941.14063,5409
04-07-2022,71900,72499.85156,71600,71776.45313,71524.76563,4102
05-07-2022,72000,72340,71056.45313,71221.14844,70971.41406,3862
06-07-2022,71721.95313,73500,71499.45313,73230.20313,72973.41406,7785
07-07-2022,73825,75500,73346.29688,75337.89844,75073.72656,12354
08-07-2022,75337.89844,76454,75335.04688,76044.95313,75778.29688,10071
11-07-2022,76000,76500,75300,76375.85156,76108.03906,8025
12-07-2022,76000,76900,75829.04688,76664.64844,76395.82031,7467
13-07-2022,76674,77600,76674,77273.75,77002.79688,7992
14-07-2022,77399.79688,77863.45313,76532.29688,77414.89844,77143.44531,6630
15-07-2022,77724,79729.64844,77629.54688,79558.10156,79279.14063,14260
18-07-2022,79602,80998.95313,79600,80742.5,80459.375,15460
19-07-2022,80500,80820.89844,79191.54688,79941.79688,79661.48438,8431
20-07-2022,80075,80618.85156,79400,79784.60156,79504.84375,7028
21-07-2022,79630,80418.39844,79555,80178.39844,79897.25,6751
22-07-2022,80290,80738,79136.29688,79400.60156,79122.17969,6537
25-07-2022,79600,81198.95313,79531.79688,80834.04688,80550.60156,11727
26-07-2022,80829,80965.75,79830.79688,80150.20313,79869.15625,5871
27-07-2022,80150,80971,79650,80864.95313,80726.42969,5546
28-07-2022,81010,83300,81010,83046.5,82904.24219,14509
29-07-2022,83479,83970,82552.29688,83818.14844,83674.57031,12547
01-08-2022,84000,87400,83998.35156,86950.35156,86801.40625,16248
02-08-2022,86930,88950,86300,88173.14844,88022.11719,18522
03-08-2022,88174,88950,87216.75,88738.95313,88586.9375,15400
04-08-2022,88988.95313,89499.89844,87736.64844,88711.79688,88559.83594,11181
05-08-2022,89000,89150,87855.95313,88895.45313,88743.17188,9228
08-08-2022,88500.04688,88900,87500,87717.5,87567.24219,8338
10-08-2022,86805,87234.89844,82610,83466.60156,83323.625,26092
11-08-2022,83999,84598,82101,82500.70313,82359.38281,12363
12-08-2022,82995,84338.20313,82271.54688,83130.85156,82988.44531,10606
16-08-2022,83500,87593.29688,83400.10156,86971.45313,86822.47656,28904
17-08-2022,87000,87925.29688,86381,86853.60156,86704.82031,18111
18-08-2022,86844.95313,87988.04688,85806.29688,87591.54688,87441.5,14967
19-08-2022,87989,88361.85156,86436.95313,86825.89844,86677.16406,11885
22-08-2022,86808.95313,86876.95313,84510,84828.25,84682.94531,11433
23-08-2022,83930,86779.95313,83800,85895.45313,85748.3125,13741
24-08-2022,85799.95313,86699.75,84800.04688,85264.5,85118.44531,8432
25-08-2022,85599,86500,85178.79688,85445,85298.63281,12922
26-08-2022,86400,86445,85000,85272.25,85126.17969,6083
29-08-2022,84629.95313,84894.75,83479,84418.64844,84274.03906,5901
30-08-2022,84895,86263.79688,84740,85364.95313,85218.72656,14199
01-09-2022,85444,85982.89844,84500,85142.75,84996.90625,6632
02-09-2022,85795,85979.25,84202,84356.89844,84212.39844,7733
05-09-2022,84889,85100,84101.29688,84254.04688,84109.71875,4058
06-09-2022,84779.45313,85889.95313,84412.04688,85257.70313,85111.65625,11784
07-09-2022,84900,85910.95313,84900,85133.29688,84987.46875,5967
08-09-2022,85599,86449.89844,85220,85396.39844,85250.11719,7893
09-09-2022,85838.35156,85990,84013,84208.04688,84063.79688,6406
12-09-2022,84550,85900,84250,85808.29688,85661.30469,8568
13-09-2022,86000.10156,86350,85315.04688,85551.25,85404.70313,5533
14-09-2022,83750,86444.04688,83750,86071.70313,85924.26563,9618
15-09-2022,86488,93887,85685.14844,92868.45313,92709.36719,66242
16-09-2022,92490,93200,85716,86112.85156,85965.33594,52693
19-09-2022,87299.95313,87600,84600,86352.79688,86204.875,35699
20-09-2022,86994,87388,85055.54688,85661,85514.26563,17796
21-09-2022,85899,86499,84003.95313,84281.64844,84137.27344,17007
22-09-2022,84600,85200,83400,84511.5,84366.73438,14055
23-09-2022,84900,85100,82169.89844,82599.14844,82457.65625,16345
26-09-2022,82399.5,82399.5,78689.95313,79156.29688,79020.69531,17075
27-09-2022,79700.95313,81446.29688,79450,79831.04688,79694.29688,18319
28-09-2022,79825,81102.70313,79311.45313,80416.70313,80278.95313,15206
29-09-2022,81103,81938.79688,78800,79622,79485.60156,16538
30-09-2022,80080,82131.10156,79022.64844,81654.54688,81514.67188,15688
03-10-2022,82100,82100,80100,80624.25,80486.14063,9872
04-10-2022,81897,83000,81277.64844,82825.45313,82683.57813,10705
06-10-2022,83238,83856.10156,82253,82440.14844,82298.92969,10841
07-10-2022,82499,82989.95313,81803.04688,82769.64844,82627.86719,8103
10-10-2022,81825,82700,81222,82302.10156,82161.125,8792
11-10-2022,82713.64844,83082.95313,80735.25,81081.04688,80942.15625,10869
12-10-2022,81486.5,82636.04688,81200.14844,82481.70313,82340.41406,8355
13-10-2022,82369.85156,82700,81700,82112.35156,81971.69531,8430
14-10-2022,82990,83200,81010.29688,81350.14844,81210.79688,7118
17-10-2022,81390,82641.04688,80789.04688,82267.95313,82127.03125,8749
18-10-2022,82670,83300,82426.75,83088.14844,82945.8125,5618
19-10-2022,83105,84500,82500,83149.45313,83007.01563,9220
20-10-2022,83100,84500,83100,84171.79688,84027.60938,12767
21-10-2022,84210.04688,88187.89844,84210.04688,86224.79688,86077.09375,36192
24-10-2022,87319,87932.20313,85890,86291.54688,86143.73438,3801
25-10-2022,86699,87700,86107.60156,87342.85156,87193.23438,14532
27-10-2022,88200,88299,86650,87362.85156,87213.19531,10885
28-10-2022,87360,89550,87299,89368.29688,89215.21094,26116
31-10-2022,89368.29688,91250,89300.04688,90767,90611.51563,16620
01-11-2022,90800,92099.95313,90300,90830.20313,90674.60938,14548
02-11-2022,91189,91500,90408.35156,90620.79688,90465.5625,11945
03-11-2022,90575,91499,90300,90658.14844,90502.85156,8267
04-11-2022,91000,91500,90500,91248.14844,91091.83594,6468
07-11-2022,91698,96000,91387.45313,94900.10156,94737.53906,28285
09-11-2022,91450,91999.45313,85901.64844,87017.45313,86868.39844,80686
10-11-2022,87017.45313,88347.79688,85100,87468.64844,87318.82031,24162
11-11-2022,88490,88858.75,85855.10156,86156.39844,86008.8125,17194
14-11-2022,86587.20313,86750,85200,86179.85156,86032.22656,13612
15-11-2022,86610.75,87850,86179.85156,87574.25,87424.23438,19773
16-11-2022,87550,88300,87000.25,87686,87535.79688,9638
17-11-2022,88000,88150,87140.25,87890.45313,87742.89844,8525
18-11-2022,87999,88394.85156,87409.70313,88092.70313,87944.8125,6997
21-11-2022,88300,89397,87220,89097.20313,88947.625,11462
22-11-2022,89005,89800,88500,88956.20313,88806.85938,9016
23-11-2022,89309.95313,89654,88685.95313,88973.14844,88823.77344,6407
24-11-2022,89199,89600,88687.20313,89404.64844,89254.55469,6000
25-11-2022,89365,90388,89001,89904.60156,89753.66406,9260
28-11-2022,90000,91969,89930.04688,91533.79688,91380.125,13196
29-11-2022,92000,92800,91900.04688,92565.14844,92409.75,11792
30-11-2022,92800,94103.45313,92269,93557.54688,93400.47656,17300
01-12-2022,94000,95151.20313,93234.60156,94325.5,94167.14063,16380
02-12-2022,94490,94988,93234,94554.20313,94395.46094,11977
05-12-2022,94711.95313,95243.64844,94052.45313,94673.70313,94514.76563,8584
06-12-2022,94599,94800,94060.04688,94516.89844,94358.21875,6816
07-12-2022,94699.95313,95075.89844,92616.54688,92885.39844,92729.46094,13731
08-12-2022,93100,93479.95313,90250,91092.39844,90939.46875,14507
09-12-2022,91309,92000,90065.14844,91510.70313,91357.07031,10766
12-12-2022,91730,91730,90600.04688,91393.64844,91240.21875,6440
13-12-2022,91455,91899,90601,90969.95313,90817.23438,5928
14-12-2022,91225,91947.29688,90943.75,91165.45313,91012.40625,4831
15-12-2022,91140,91699.95313,90502,90872.85156,90720.28906,5201
16-12-2022,90521,90728.75,88600,89112.75,88963.14844,8992
19-12-2022,89113,90230.95313,88536.64844,89916.95313,89766,5089
20-12-2022,90199.89844,90199.89844,88700,89005,88855.57813,7210
21-12-2022,89299,89900,87278.75,88192.95313,88044.89844,7768
22-12-2022,88200.04688,88899.75,87501,88192.75,88044.69531,5601
23-12-2022,88140,88140,85774.25,86071,85926.50781,7258
26-12-2022,85802.45313,88373.95313,85201.04688,87596.60156,87449.53906,6899
27-12-2022,88000,88490,87500,88090.14844,87942.25781,5533
28-12-2022,87760,88590,87500,87923.25,87775.64063,5192
29-12-2022,87900,87900,86611.45313,87567.95313,87420.9375,6365
30-12-2022,87900,89250,87812.25,88535.45313,88386.82031,6766
02-01-2023,88600,88745.35156,87879.70313,88051.20313,87903.38281,4248
03-01-2023,88397.89844,89121,87962.70313,88876.14844,88726.94531,4793
04-01-2023,88892,89073.54688,87398,88012.25,87864.49219,7515
05-01-2023,88500,91900,88441.95313,91275.79688,91122.55469,22626
06-01-2023,91580,93400,90557.79688,93141.5,92985.13281,28710
09-01-2023,93600,93998.75,92902,93447.60156,93290.71875,8191
10-01-2023,93250,94480,93093.89844,94163.95313,94005.86719,11295
11-01-2023,94261,94399.85156,90750,91142,90988.99219,12684
12-01-2023,91597.75,91663.5,88573,89518.25,89367.96875,13853
13-01-2023,89700,90650,89156.29688,89712.95313,89562.34375,13692
16-01-2023,90100,90679.60156,89000,89228.35156,89078.55469,9198
17-01-2023,89682.85156,89965.89844,89010.04688,89526.75,89376.45313,6548
18-01-2023,89360,90399.95313,89279.95313,90196.85156,90045.42969,6516
19-01-2023,89999,90899,89819,90484,90332.09375,5767
20-01-2023,90484,91198.89844,89255.64844,89557,89406.64844,7211
23-01-2023,89995,90539.75,89679.95313,90280.35156,90128.78906,4493
24-01-2023,90500,90949.39844,90045.04688,90414.5,90262.71094,4227
25-01-2023,90300,90436,88429.60156,89571.75,89421.375,5737
27-01-2023,89640,89665.75,86911.35156,88261.10156,88112.92188,9731
30-01-2023,88360,90207,88062.75,89263.89844,89114.03906,7747
31-01-2023,89500,91090,89405.04688,90869.39844,90716.84375,11151
01-02-2023,91000,92950,90722.54688,91961.45313,91807.0625,11990
02-02-2023,91700,93000,91052.64844,92817.35156,92661.53125,7087
03-02-2023,93449,93449,91450,92853.35156,92697.46094,8666
06-02-2023,92785,93241.45313,92211.54688,92677.85156,92522.25781,6467
07-02-2023,92600,92700,91550,91739.85156,91585.83594,5791
08-02-2023,91630,92484.85156,90739.85156,92275.64844,92120.73438,5787
09-02-2023,92275,93100,87351,88813.04688,88663.94531,36042
10-02-2023,89000,89976.89844,88125.64844,89070.89844,88921.36719,10500
13-02-2023,89408,89408,88200,88803.89844,88654.8125,7364
14-02-2023,89260,89260,87500,88050,87902.17969,6328
15-02-2023,88390,89074.20313,88050,88855.45313,88706.28125,6123
16-02-2023,88800,89971.70313,88722.20313,89215.79688,89066.01563,8304
17-02-2023,89120,89668,88550,88739.70313,88590.72656,4351
20-02-2023,89000,90000,88717.10156,89181.10156,89031.38281,5810
21-02-2023,89648,90445,89121.25,89957.20313,89809.20313,6804
22-02-2023,89958,90000,87500,87658.29688,87514.07813,10970
23-02-2023,87999,88249,86001,86730.85156,86588.15625,10316
24-02-2023,87350,87462,86650,86800.70313,86657.89063,4732
27-02-2023,86786,86786,84802.04688,85143.10156,85003.01563,7189
28-02-2023,85565,85898.20313,84640,85256.60156,85116.32813,9473
01-03-2023,85654.25,86444.95313,84827.5,86068.60156,85926.99219,6829
02-03-2023,86480,87150,86000,86802.70313,86659.89063,4710
03-03-2023,87001,87399.39844,86200.89844,86363.14844,86221.05469,5234
06-03-2023,86400,87250,86400,86715.35156,86572.67969,4610
08-03-2023,86557,87199,86471.14844,86752.79688,86610.0625,4988
09-03-2023,86800,87169.04688,85360,85596.89844,85456.07031,6402
10-03-2023,85499.89844,85549.95313,84351,85111.20313,84971.17188,4951
13-03-2023,85330,85591.54688,82812.45313,83076.29688,82939.61719,7256
14-03-2023,83389.95313,83661.89844,82280.39844,82492.29688,82356.57813,6817
15-03-2023,83192,83199,81974.35156,82107.10156,81972.01563,4360
16-03-2023,82101,83501,81380.04688,83140.70313,83003.91406,7114
17-03-2023,83556,83556,82050,82901.79688,82765.39844,10903
20-03-2023,83556,83688.95313,82235.35156,83559.95313,83422.47656,5263
21-03-2023,83600,85710,83232.20313,83746,83608.21875,6860
22-03-2023,83900,84500,83675.04688,84399.85156,84260.99219,2961
23-03-2023,84349,84778.75,84000,84164.64844,84026.17188,2966
24-03-2023,84448.95313,84778.95313,83700,83878.5,83740.5,3982
27-03-2023,83878,84549.89844,83416.95313,83709.75,83572.02344,3643
28-03-2023,83899,84253.89844,82223.54688,82365.35156,82229.83594,4242
29-03-2023,81900,82701.5,81786.5,82012,81877.07031,5133
31-03-2023,82422,84444,82088.25,84047.20313,83908.92188,5856
03-04-2023,84047.20313,84550,83752,84400.85156,84261.99219,2396
05-04-2023,84284.20313,84746.5,83830,83949.89844,83811.78125,2944
06-04-2023,84000,84500,83325.75,84005.54688,83867.33594,3733
10-04-2023,83750,84780,83750,84398.45313,84259.59375,3582
11-04-2023,84601.04688,85298.29688,84294.29688,84617,84477.78125,3034
12-04-2023,84800.89844,85794.20313,84750,85456.25,85315.64844,4928
13-04-2023,85699,85700.04688,85407.35156,85516.95313,85376.25781,2496
17-04-2023,85499,85700,85001,85376.35156,85235.88281,2573
18-04-2023,85500,87495,85487.45313,86821.35156,86678.50781,6492
19-04-2023,87000,87343.70313,85697,85837.25,85696.02344,2897
20-04-2023,86279,86869.20313,86012.14844,86502.64844,86360.32813,2998
21-04-2023,86300,86950,86090.14844,86517.39844,86375.05469,3418
24-04-2023,86945,87200,86300,86896.14844,86753.17969,3160
25-04-2023,87100,87399.95313,86086,86561.45313,86419.03906,3991
26-04-2023,86550,87332.89844,86400,87231.20313,87087.6875,4413
27-04-2023,87497,87600,86810,87455.89844,87312.00781,3368
28-04-2023,87437.35156,89300,87376,89006.79688,88860.35938,7620
02-05-2023,89007,89498.89844,88002.04688,88596.89844,88451.13281,5222
03-05-2023,88787.95313,94390,88318.85156,93559.79688,93405.86719,47192
04-05-2023,94000,95760,93026.25,95110.79688,94954.3125,28698
05-05-2023,95110.79688,98974.64844,94500,98614.04688,98451.79688,44972
08-05-2023,98620,99933.5,97398.25,97730.64844,97569.85156,26682
09-05-2023,98149.5,99200,97201.35156,97499.75,97339.33594,13521
10-05-2023,98200,98200,96575.04688,97229.35156,97069.38281,9964
11-05-2023,97700,98240,97200,97361,97200.8125,9435
12-05-2023,97760,97800,96600.04688,96689.14844,96530.07031,6319
15-05-2023,96705,97656.35156,95150,96900.89844,96741.46875,9670
16-05-2023,96800,97600,96400,96551.85156,96393,9357
17-05-2023,96536,97900,96299.79688,97655.10156,97494.42969,9469
18-05-2023,97872.25,98400,96800.10156,97060.70313,96901.01563,8164
19-05-2023,97258.04688,97280.95313,95700,96236.64844,96078.3125,10866
22-05-2023,96356.64844,96553.39844,95674.25,95911.45313,95753.65625,7085
23-05-2023,96066,96453.79688,95225.29688,95487.64844,95330.54688,9019
24-05-2023,95550,97458.39844,95338.54688,95640.29688,95482.94531,13583
25-05-2023,95680,97052.5,95570.39844,96727.35156,96568.21094,8319
26-05-2023,96735,98171,96601.14844,97881.79688,97720.75781,6694
29-05-2023,98050,98440.89844,97475,97782.20313,97621.32813,4096
30-05-2023,97782.20313,97935,96900,97096.39844,96936.64844,4289
31-05-2023,96906.39844,98650.75,96650.10156,97211.70313,97051.76563,13323
01-06-2023,97100,97988.95313,97099,97567.29688,97406.77344,3795
02-06-2023,97567.29688,98100,96067.54688,96368.5,96209.94531,7514
05-06-2023,96880,97187.95313,96502.14844,96797.45313,96638.19531,3003
06-06-2023,96888,97249.5,96227.64844,96636.25,96477.25781,4249
07-06-2023,97000,99230.5,96775.14844,97553.10156,97392.60156,10781
08-06-2023,97610,98599,96900,97077.35156,96917.63281,9411
09-06-2023,97264,98597.89844,97150,98390.95313,98229.07031,8604
12-06-2023,98335.10156,99400,98152.75,98968.54688,98805.71875,7627
13-06-2023,99150.20313,100439.9531,99150.20313,99992.85156,99828.33594,16655
14-06-2023,99993,100400,99400,100114.1484,99949.4375,9786
15-06-2023,100099,100849.6016,99711,100081,99916.34375,8297
16-06-2023,100083,100694.9531,99549.5,99892.5,99728.14844,9713
19-06-2023,100000,100651,99557.04688,99758.20313,99594.07813,4964
20-06-2023,100200,100200,98280.10156,99348.20313,99184.75,8914
21-06-2023,99648,100950,99484.35156,100422.2031,100256.9844,10714
22-06-2023,100400,100900,99500,99868.45313,99704.14063,5564
23-06-2023,99977,99977,98880.04688,99492.04688,99328.35938,4670
26-06-2023,99799.95313,100079.8984,99071.79688,99954.64844,99790.19531,3699
27-06-2023,99900,100500.9531,99300,99591.25,99427.39844,7862
28-06-2023,99591.25,99591.25,99591.25,99591.25,99427.39844,0
30-06-2023,100598,101648.2969,100020.25,101260.5,101093.8984,9620
03-07-2023,101073,101888,99600,99899.45313,99735.09375,9229
04-07-2023,100480,100480,99000,99148.89844,98985.77344,5734
05-07-2023,99600,100300,99099,100191.2031,100026.3594,5430
06-07-2023,100215,101888,100043.5,101306.5,101139.8203,8593
07-07-2023,101180,101974.9531,100680,101227.6484,101061.1016,6354
10-07-2023,101177,101842.2969,100400.25,100602.8516,100437.3359,5534
11-07-2023,100949.8984,102214.8984,100811.0469,101930.2031,101762.5,7421
12-07-2023,101899,102494.9531,101652.7031,102231.3984,102063.2031,6691
13-07-2023,102102,102300,101003.2969,101263.9531,101097.3438,3256
14-07-2023,101450,102400,101264.25,102141.2031,101973.1563,5109
17-07-2023,102141.2031,102341.2031,101820.5,101988.1484,101820.3516,2065
18-07-2023,102000,102499.9531,101611.0469,102245.4531,102077.2344,3212
19-07-2023,102256,102990,102065.2969,102718.1484,102549.1484,4956
20-07-2023,102500,102733.9531,101600,101896.2031,101896.2031,3770
21-07-2023,101999.2969,102300.2969,101550,102089.25,102089.25,2112
24-07-2023,102100,103186.7031,101750,102723.5,102723.5,4020
25-07-2023,102202.1016,102699,102000,102525.7969,102525.7969,2053
26-07-2023,103000,103263.5,102000,102205.1484,102205.1484,4152
27-07-2023,102625,102899,101870.3516,102403.1484,102403.1484,2542
28-07-2023,102050.2031,102792.1484,101880.7031,102534.1484,102534.1484,2608
31-07-2023,102270,103298.8516,102100,102956.25,102956.25,3198
01-08-2023,102507.1484,103570.9531,102507.1484,103285.75,103285.75,3426
02-08-2023,102998,103199.9531,102000,102589.2031,102589.2031,3702
03-08-2023,102603,107600,101400.0469,106973.3516,106973.3516,23043
04-08-2023,108469,111997,106775.3516,111296.5,111296.5,26665
07-08-2023,111472,111500,107912.3516,108216.25,108216.25,11175
08-08-2023,108216.25,108830.5469,105864.1484,107634.8516,107634.8516,11305
09-08-2023,107634.8516,107999,106000,106416.8984,106416.8984,8607
10-08-2023,106400.25,106753.2969,105600.0469,106355.6016,106355.6016,6482
11-08-2023,106750,106750,105615.6016,105989.25,105989.25,4759
14-08-2023,105711.0469,106650,104807,106266.3516,106266.3516,4265
16-08-2023,105500,106650,104834.3516,106463.7031,106463.7031,4641
17-08-2023,105905.7969,106979.25,105905.7969,106472.8984,106472.8984,4952
18-08-2023,106500,108000,106430.0469,107760.3516,107760.3516,7089
21-08-2023,108500,108599.9531,107568.1016,107798.4531,107798.4531,6810
22-08-2023,108300,108549.9531,107758,108411.7969,108411.7969,3566
23-08-2023,108410,109200,108051.1484,108675.5469,108675.5469,4181
24-08-2023,109399,109399,108106,108595.1484,108595.1484,4788
25-08-2023,108127.6484,108895.7031,108000.5469,108542,108542,3562
28-08-2023,108523.7031,108900.5469,107921.5469,108288,108288,3583
29-08-2023,108353.7031,109000,108250.8516,108812.5,108812.5,2244
30-08-2023,108999,109778.6484,108812.5,109593.9531,109593.9531,2943
31-08-2023,109677,109677,108266.3516,108686.25,108686.25,5954
01-09-2023,109500,109500,107559.0469,107984.1484,107984.1484,6574
04-09-2023,108499,108980,107347.5469,108195.3984,108195.3984,4965
05-09-2023,108453.7031,108800,107888.1484,108520,108520,3494
06-09-2023,108250.5,109537.9531,107500,109395.75,109395.75,8365
07-09-2023,108831,109885.6016,108798.7969,109205.1484,109205.1484,2632
08-09-2023,109300,109420.75,108600.2031,108858.3984,108858.3984,2652
11-09-2023,109450,109850,108905,109440.4531,109440.4531,3871
12-09-2023,109800,109800,107555.0469,107916.2031,107916.2031,8831
13-09-2023,108108,109191.6484,107476.7969,109058.6484,109058.6484,7363
14-09-2023,109000,111200,109000,111001.25,111001.25,6353
15-09-2023,111000,112727.9531,108539.7031,109233.8516,109233.8516,14149
18-09-2023,109666,109798.75,108060,109003.9531,109003.9531,7075
20-09-2023,109000,109764.6484,108100,109603.8984,109603.8984,4471
21-09-2023,109017.6016,109775,108500,108841.6484,108841.6484,3636
22-09-2023,108500,109350,108477.0469,108655.0469,108655.0469,3372
25-09-2023,108999.9531,109489.8984,107651,109360.2031,109360.2031,6572
26-09-2023,109300,109979.9531,108981.4531,109719.6016,109719.6016,3557
27-09-2023,109719.6016,110500,109251.8984,110285.3984,110285.3984,2909
28-09-2023,110112,110277.5,108306.1016,108726.3984,108726.3984,7911
29-09-2023,108725.8516,109362.3516,106800,107295.6016,107295.6016,9966
03-10-2023,108149.75,108600.6016,106551.0469,108294.4531,108294.4531,5523
04-10-2023,108249.7969,108249.7969,106441.1016,106901.3984,106901.3984,3710
05-10-2023,107300,107820,106583.0469,106770.5,106770.5,3120
06-10-2023,107000,108000,107000,107550.25,107550.25,3580
09-10-2023,107350,107684.5469,106405,107266.9531,107266.9531,4229
10-10-2023,107699,108010.5469,107001,107204.1016,107204.1016,4103
